"General category";"Product Type"
"Automotive";"AutoAccessoryMisc"
"Automotive";"Autobattery"
"Automotive";"Autochemical"
"Automotive";"AutoKeyShell"
"Automotive";"Autooil"
"Automotive";"AutoPart"
"Automotive";"BrakeKit"
"Automotive";"BrakeRotor"
"Automotive";"Carburetor"
"Automotive";"CargoNet"
"Automotive";"CargoStrap"
"Automotive";"CleaningOrRepairKit"
"Automotive";"CupHolder"
"Automotive";"EngineAirFilter"
"Automotive";"EngineComponentCap"
"Automotive";"EngineExhaustPipe"
"Automotive";"EngineWaterPump"
"Automotive";"FuelFilter"
"Automotive";"FuelPump"
"Automotive";"Handlebar"
"Automotive";"HandleGrip"
"Automotive";"Helmet"
"Automotive";"HubcapWheelCover"
"Automotive";"IgnitionCoil"
"Automotive";"JumpStarter"
"Automotive";"LicensePlateAttachment"
"Automotive";"LiquidFuelContainer"
"Automotive";"Motorcycleaccessory"
"Automotive";"Motorcyclepart"
"Automotive";"MotorEngineFuelTank"
"Automotive";"Muffler"
"Automotive";"OilFilter"
"Automotive";"OutboardMotor"
"Automotive";"PowersportsPart"
"Automotive";"PowersportsRidingJacket"
"Automotive";"PowersportsRidingPants"
"Automotive";"PowersportsRidingShirt"
"Automotive";"PowersportsRidingSuit"
"Automotive";"PowersportsVehicle"
"Automotive";"PowersportVehicleFootrest"
"Automotive";"ProtectiveGear"
"Automotive";"RidingApparel"
"Automotive";"Ridingboots"
"Automotive";"Ridinggloves"
"Automotive";"Rims"
"Automotive";"ShockAbsorber"
"Automotive";"SnowChain"
"Automotive";"SparkPlug"
"Automotive";"SteeringWheel"
"Automotive";"SteeringWheelCover"
"Automotive";"Tire"
"Automotive";"TireAndWheel"
"Automotive";"TireCover"
"Automotive";"TireValveStemCap"
"Automotive";"TonneauCover"
"Automotive";"TowHitch"
"Automotive";"TrailerHitchCover"
"Automotive";"TransportRack"
"Automotive";"UnmannedAerialVehicle"
"Automotive";"UtilityJack"
"Automotive";"Vehicle"
"Automotive";"VehicleAccentLight"
"Automotive";"VehicleBodyPanel"
"Automotive";"VehicleBrakePad"
"Automotive";"VehicleBumper"
"Automotive";"VehicleCargoCarrier"
"Automotive";"VehicleControlArm"
"Automotive";"VehicleCover"
"Automotive";"VehicleEmblem"
"Automotive";"VehicleExteriorGuard"
"Automotive";"VehicleGrille"
"Automotive";"VehicleHorn"
"Automotive";"VehicleInteriorShade"
"Automotive";"VehicleLiftKit"
"Automotive";"VehicleLightAssembly"
"Automotive";"VehicleLightBulb"
"Automotive";"VehicleLightingConversionKit"
"Automotive";"VehicleMat"
"Automotive";"VehicleMirror"
"Automotive";"VehicleMolding"
"Automotive";"VehicleRail"
"Automotive";"VehicleScanTool"
"Automotive";"VehicleSeat"
"Automotive";"VehicleSeatCover"
"Automotive";"VehicleSpoiler"
"Automotive";"VehicleWindDeflector"
"Automotive";"VehicleWindow"
"Automotive";"VehicleWrap"
"Automotive";"WiperBlade"
"Beauty";"BeautyMisc"
"Beauty";"BodyCareProduct"
"Beauty";"BodyDeodorant"
"Beauty";"BodyPaint"
"Beauty";"Conditioner"
"Beauty";"CosmeticNailSet"
"Beauty";"CosmeticPowder"
"Beauty";"CosmeticSponge"
"Beauty";"DryShampoo"
"Beauty";"EyebrowColor"
"Beauty";"EyelidColor"
"Beauty";"FaceShapingMakeup"
"Beauty";"FalseEyelash"
"Beauty";"FalseNail"
"Beauty";"Fragrance"
"Beauty";"Hairband"
"Beauty";"HairBrush"
"Beauty";"HairCareAgent"
"Beauty";"HairCareProduct"
"Beauty";"HairCleanerConditioner"
"Beauty";"HairClip"
"Beauty";"HairColoringAgent"
"Beauty";"HairComb"
"Beauty";"HairExtension"
"Beauty";"HairRemovalAgent"
"Beauty";"HairRemovalAndShavingProduct"
"Beauty";"HairRoller"
"Beauty";"HairStylingAgent"
"Beauty";"HairTie"
"Beauty";"HandSanitizer"
"Beauty";"LipBalm"
"Beauty";"LipColor"
"Beauty";"MakeUp"
"Beauty";"MakeupPrimer"
"Beauty";"ManualShavingRazor"
"Beauty";"Mascara"
"Beauty";"NailPolish"
"Beauty";"NailPolishBrush"
"Beauty";"NailPolishRemover"
"Beauty";"NailPowder"
"Beauty";"NailTreatment"
"Beauty";"PersonalFragrance"
"Beauty";"RazorBladeCartridge"
"Beauty";"SelfTanner"
"Beauty";"Shampoo"
"Beauty";"ShavingAgent"
"Beauty";"ShowerCap"
"Beauty";"SkinCareAgent"
"Beauty";"SkinCareProduct"
"Beauty";"SkinCleaningAgent"
"Beauty";"SkinCleaningWipe"
"Beauty";"SkinExfoliant"
"Beauty";"SkinFoundationConcealer"
"Beauty";"SkinMoisturizer"
"Beauty";"SkinProtectant"
"Beauty";"SkinSerum"
"Beauty";"SkinTreatmentMask"
"Beauty";"Sunscreen"
"Beauty";"TemporaryTattoo"
"Beauty";"TopicalHairRegrowthTreatment"
"Beauty";"Wig"
"Consumer Electronics";"AdventCalendar"
"Consumer Electronics";"Alarm"
"Consumer Electronics";"Antenna"
"Consumer Electronics";"AudioCdPlayer"
"Consumer Electronics";"AudioVideoAccessory"
"Consumer Electronics";"AVFurniture"
"Consumer Electronics";"AvReceiver"
"Consumer Electronics";"AvSignalSwitch"
"Consumer Electronics";"Banner"
"Consumer Electronics";"BarCodeReader"
"Consumer Electronics";"BatteryCharger"
"Consumer Electronics";"BlankBook"
"Consumer Electronics";"BlankStorageMedia"
"Consumer Electronics";"CableOrAdapter"
"Consumer Electronics";"Calendar"
"Consumer Electronics";"Camera"
"Consumer Electronics";"CameraBagsAndCases"
"Consumer Electronics";"CameraLenses"
"Consumer Electronics";"CameraOtherAccessories"
"Consumer Electronics";"CameraPowerSupply"
"Consumer Electronics";"CarAlarm"
"Consumer Electronics";"CarAudioOrTheater"
"Consumer Electronics";"CarElectronics"
"Consumer Electronics";"CEBattery"
"Consumer Electronics";"CEBinocular"
"Consumer Electronics";"CEBlankMedia"
"Consumer Electronics";"CECamcorder"
"Consumer Electronics";"CECameraFlash"
"Consumer Electronics";"CEDigitalCamera"
"Consumer Electronics";"CEFilmCamera"
"Consumer Electronics";"CellPhoneGrip"
"Consumer Electronics";"CellularPhone"
"Consumer Electronics";"CellularPhoneCase"
"Consumer Electronics";"CETelescope"
"Consumer Electronics";"CEVideoProjector"
"Consumer Electronics";"ChargingAdapter"
"Consumer Electronics";"ConsumerElectronics"
"Consumer Electronics";"Copier"
"Consumer Electronics";"CordManagementCover"
"Consumer Electronics";"DecorativeSignage"
"Consumer Electronics";"DigitalPictureFrame"
"Consumer Electronics";"DigitalVideoRecorder"
"Consumer Electronics";"DipSwitch"
"Consumer Electronics";"DVDPlayerOrRecorder"
"Consumer Electronics";"ElectronicAdapter"
"Consumer Electronics";"ElectronicBookReader"
"Consumer Electronics";"ElectronicDeviceCoolingPad"
"Consumer Electronics";"ElectronicDeviceDockingStation"
"Consumer Electronics";"ElectronicDeviceFaceplate"
"Consumer Electronics";"ElectronicDeviceSkin"
"Consumer Electronics";"ElectronicFinder"
"Consumer Electronics";"FaxMachine"
"Consumer Electronics";"FlatScreenDisplayMount"
"Consumer Electronics";"GPSOrNavigationAccessory"
"Consumer Electronics";"GPSOrNavigationSystem"
"Consumer Electronics";"GreetingCard"
"Consumer Electronics";"HandheldOrPDA"
"Consumer Electronics";"HardDriveEnclosure"
"Consumer Electronics";"HeadphoneEarpad"
"Consumer Electronics";"Headphones"
"Consumer Electronics";"HomeTheaterSystemOrHTIB"
"Consumer Electronics";"IntegratedStereoSystem"
"Consumer Electronics";"KaraokeMachine"
"Consumer Electronics";"KeyboardMouseSet"
"Consumer Electronics";"Keycap"
"Consumer Electronics";"KindleAccessories"
"Consumer Electronics";"KindleEReaderAccessories"
"Consumer Electronics";"KindleFireAccessories"
"Consumer Electronics";"LandlinePhone"
"Consumer Electronics";"LaserPrinterToner"
"Consumer Electronics";"LocationTracker"
"Consumer Electronics";"MediaPlayer"
"Consumer Electronics";"MediaPlayerOrEReaderAccessory"
"Consumer Electronics";"MediaStorage"
"Consumer Electronics";"MemoryCardReader"
"Consumer Electronics";"Microphone"
"Consumer Electronics";"MiscAudioComponents"
"Consumer Electronics";"Modem"
"Consumer Electronics";"MotionActuatedSwitch"
"Consumer Electronics";"MotionDetectorDevice"
"Consumer Electronics";"MousePad"
"Consumer Electronics";"MusicalInstrumentAmplifier"
"Consumer Electronics";"NetworkAccessory"
"Consumer Electronics";"NetworkAdapter"
"Consumer Electronics";"NetworkInterfaceControllerAdapter"
"Consumer Electronics";"NetworkSwitch"
"Consumer Electronics";"OnboardCamera"
"Consumer Electronics";"PaSystem"
"Consumer Electronics";"PC"
"Consumer Electronics";"PDA"
"Consumer Electronics";"Phone"
"Consumer Electronics";"PhoneAccessory"
"Consumer Electronics";"PhotographicStudioItems"
"Consumer Electronics";"Planner"
"Consumer Electronics";"PortableAudio"
"Consumer Electronics";"PortableAvDevice"
"Consumer Electronics";"PortableElectronicDeviceArmband"
"Consumer Electronics";"PortableElectronicDeviceStand"
"Consumer Electronics";"PortableVideoDiscPlayer"
"Consumer Electronics";"PowerBank"
"Consumer Electronics";"PowerConverter"
"Consumer Electronics";"PowerCord"
"Consumer Electronics";"PowerInverter"
"Consumer Electronics";"PowerStrip"
"Consumer Electronics";"PowerSuppliesOrProtection"
"Consumer Electronics";"ProjectionScreen"
"Consumer Electronics";"RadarDetector"
"Consumer Electronics";"RadioOrClockRadio"
"Consumer Electronics";"ReceiverOrAmplifier"
"Consumer Electronics";"RemoteControl"
"Consumer Electronics";"SatelliteReceiver"
"Consumer Electronics";"ScreenProtector"
"Consumer Electronics";"SecuritySystem"
"Consumer Electronics";"Signage"
"Consumer Electronics";"SimCard"
"Consumer Electronics";"SingleBoardComputer"
"Consumer Electronics";"SpeakerAmplifierStand"
"Consumer Electronics";"Speakers"
"Consumer Electronics";"StandaloneStreamingMediaPlayer"
"Consumer Electronics";"StereoShelfSystem"
"Consumer Electronics";"Television"
"Consumer Electronics";"ThreeDPrinter"
"Consumer Electronics";"ToggleSwitch"
"Consumer Electronics";"Tuner"
"Consumer Electronics";"Turntable"
"Consumer Electronics";"TVCombos"
"Consumer Electronics";"TvTunerCard"
"Consumer Electronics";"TwoWayRadio"
"Consumer Electronics";"VCR"
"Consumer Electronics";"VehicleSafetyCamera"
"Consumer Electronics";"VideoDiscPlayer"
"Consumer Electronics";"VideoProjectorsAndAccessories"
"Consumer Electronics";"VirtualRealityHeadset"
"Consumer Electronics";"WearableComputer"
"Consumer Electronics";"WirelessAudioAdapter"
"Consumer Electronics";"WirelessSignalRepeater"
"Grocery and Gourmet";"AlcoholicBeverages"
"Grocery and Gourmet";"BabyFood"
"Grocery and Gourmet";"BabyFormula"
"Grocery and Gourmet";"BakingChocolate"
"Grocery and Gourmet";"BakingMix"
"Grocery and Gourmet";"Beer"
"Grocery and Gourmet";"Beverages"
"Grocery and Gourmet";"Bread"
"Grocery and Gourmet";"BreadBakeryProduct"
"Grocery and Gourmet";"BreakfastCereal"
"Grocery and Gourmet";"Cake"
"Grocery and Gourmet";"Candy"
"Grocery and Gourmet";"Cereal"
"Grocery and Gourmet";"CerealAndGrainAndPulseMinimallyProcessed"
"Grocery and Gourmet";"CerealAndGrainAndPulseProcessed"
"Grocery and Gourmet";"CerealAndGrainAndPulseProduct"
"Grocery and Gourmet";"CerealBar"
"Grocery and Gourmet";"ChewingGum"
"Grocery and Gourmet";"ChocolateCandy"
"Grocery and Gourmet";"CocktailMix"
"Grocery and Gourmet";"Coffee"
"Grocery and Gourmet";"ConcentratedFlavoringSubstance"
"Grocery and Gourmet";"Condiment"
"Grocery and Gourmet";"Cookie"
"Grocery and Gourmet";"Cracker"
"Grocery and Gourmet";"CulinarySalt"
"Grocery and Gourmet";"DairyBasedButter"
"Grocery and Gourmet";"DairyBasedCheese"
"Grocery and Gourmet";"DairyBasedCream"
"Grocery and Gourmet";"DairyBasedDrink"
"Grocery and Gourmet";"DairyBasedFood"
"Grocery and Gourmet";"DairyBasedIceCream"
"Grocery and Gourmet";"DairyBasedPudding"
"Grocery and Gourmet";"DairyBasedYogurt"
"Grocery and Gourmet";"DairyFoodSubstitute"
"Grocery and Gourmet";"Donut"
"Grocery and Gourmet";"DrinkFlavored"
"Grocery and Gourmet";"EdibleOilAnimal"
"Grocery and Gourmet";"EdibleOilVegetable"
"Grocery and Gourmet";"Egg"
"Grocery and Gourmet";"Fish"
"Grocery and Gourmet";"FishProcessed"
"Grocery and Gourmet";"FlavoredDrinkConcentrate"
"Grocery and Gourmet";"Flour"
"Grocery and Gourmet";"Food"
"Grocery and Gourmet";"FoodColoring"
"Grocery and Gourmet";"FoodGlitterSprinkle"
"Grocery and Gourmet";"Fruit"
"Grocery and Gourmet";"FruitSnack"
"Grocery and Gourmet";"Fudge"
"Grocery and Gourmet";"HardLiquor"
"Grocery and Gourmet";"Herb"
"Grocery and Gourmet";"Honey"
"Grocery and Gourmet";"HouseholdSupplies"
"Grocery and Gourmet";"Jerky"
"Grocery and Gourmet";"JuiceAndJuiceDrink"
"Grocery and Gourmet";"LeaveningAgent"
"Grocery and Gourmet";"Legume"
"Grocery and Gourmet";"MealReplacementAndProteinDrink"
"Grocery and Gourmet";"MealReplacementBeverage"
"Grocery and Gourmet";"Meat"
"Grocery and Gourmet";"MeatAlternative"
"Grocery and Gourmet";"MilkSubstitute"
"Grocery and Gourmet";"NonDairyCheese"
"Grocery and Gourmet";"NonDairyCream"
"Grocery and Gourmet";"NonDairyIceCream"
"Grocery and Gourmet";"NonDairyPudding"
"Grocery and Gourmet";"NonDairyYogurt"
"Grocery and Gourmet";"Noodle"
"Grocery and Gourmet";"NutAndSeed"
"Grocery and Gourmet";"NutButter"
"Grocery and Gourmet";"NutritionBar"
"Grocery and Gourmet";"Olive"
"Grocery and Gourmet";"PackagedSoupAndStew"
"Grocery and Gourmet";"Pastry"
"Grocery and Gourmet";"Pickle"
"Grocery and Gourmet";"Pizza"
"Grocery and Gourmet";"Popcorn"
"Grocery and Gourmet";"Poultry"
"Grocery and Gourmet";"PreparedAndPreservedFood"
"Grocery and Gourmet";"PreparedDough"
"Grocery and Gourmet";"Pretzel"
"Grocery and Gourmet";"ProteinDrink"
"Grocery and Gourmet";"PuffedSnack"
"Grocery and Gourmet";"Relish"
"Grocery and Gourmet";"RiceMix"
"Grocery and Gourmet";"RiceWine"
"Grocery and Gourmet";"SaladDressing"
"Grocery and Gourmet";"Sauce"
"Grocery and Gourmet";"Seafood"
"Grocery and Gourmet";"Seasoning"
"Grocery and Gourmet";"Shellfish"
"Grocery and Gourmet";"SnackChipAndCrisp"
"Grocery and Gourmet";"SnackMix"
"Grocery and Gourmet";"Spirits"
"Grocery and Gourmet";"SportsDrink"
"Grocery and Gourmet";"Sugar"
"Grocery and Gourmet";"SugarCandy"
"Grocery and Gourmet";"SugarSubstitute"
"Grocery and Gourmet";"Syrup"
"Grocery and Gourmet";"Tea"
"Grocery and Gourmet";"ThickeningAgent"
"Grocery and Gourmet";"Tofu"
"Grocery and Gourmet";"Vegetable"
"Grocery and Gourmet";"Vinegar"
"Grocery and Gourmet";"Water"
"Grocery and Gourmet";"Wine"
"Health And Personal Care";"AstringentSubstance"
"Health And Personal Care";"BathingSponge"
"Health And Personal Care";"BathwaterAdditive"
"Health And Personal Care";"Bleach"
"Health And Personal Care";"BloodOxygenMonitor"
"Health And Personal Care";"BloodPressureMonitor"
"Health And Personal Care";"BlueLightBlockingEyeglasses"
"Health And Personal Care";"BodyLubricant"
"Health And Personal Care";"BreastPump"
"Health And Personal Care";"CigaretteCase"
"Health And Personal Care";"Condom"
"Health And Personal Care";"ContactLensCleaner"
"Health And Personal Care";"ContactLenses"
"Health And Personal Care";"CorrectiveEyeglasses"
"Health And Personal Care";"CottonPad"
"Health And Personal Care";"DailyLivingAids"
"Health And Personal Care";"DentalFloss"
"Health And Personal Care";"DietarySupplements"
"Health And Personal Care";"Earplug"
"Health And Personal Care";"ElectricHeatingPad"
"Health And Personal Care";"ElectricShaver"
"Health And Personal Care";"ElectronicCigarette"
"Health And Personal Care";"ElectronicCigaretteLiquid"
"Health And Personal Care";"ElectronicCigaretteReplacementCartridge"
"Health And Personal Care";"EnemaDouche"
"Health And Personal Care";"Epilator"
"Health And Personal Care";"EssentialOil"
"Health And Personal Care";"EyeglassFrame"
"Health And Personal Care";"EyelashCurler"
"Health And Personal Care";"FacialSteamer"
"Health And Personal Care";"FirstAidKit"
"Health And Personal Care";"Footrest"
"Health And Personal Care";"FootScraper"
"Health And Personal Care";"GlucoseMeter"
"Health And Personal Care";"HairDryer"
"Health And Personal Care";"HairIron"
"Health And Personal Care";"HairTrimmer"
"Health And Personal Care";"HairTrimmingKit"
"Health And Personal Care";"HealthMisc"
"Health And Personal Care";"HearingAmplifier"
"Health And Personal Care";"HerbalSupplement"
"Health And Personal Care";"Hookah"
"Health And Personal Care";"IncontinenceProtector"
"Health And Personal Care";"InsectRepellent"
"Health And Personal Care";"KneePad"
"Health And Personal Care";"Massager"
"Health And Personal Care";"MassageStick"
"Health And Personal Care";"MedicalCompressionGarment"
"Health And Personal Care";"MedicalSupplies"
"Health And Personal Care";"MedicalTestStrip"
"Health And Personal Care";"Medication"
"Health And Personal Care";"MenstrualCup"
"Health And Personal Care";"MicrocurrentFacialMachine"
"Health And Personal Care";"MineralSupplement"
"Health And Personal Care";"MoisturizingSockGlove"
"Health And Personal Care";"MouthGuard"
"Health And Personal Care";"Mouthwash"
"Health And Personal Care";"MuscleRoller"
"Health And Personal Care";"NailClipper"
"Health And Personal Care";"NailDrill"
"Health And Personal Care";"NailDryer"
"Health And Personal Care";"NailFile"
"Health And Personal Care";"NasalAspirator"
"Health And Personal Care";"NoiseMachine"
"Health And Personal Care";"NutritionalSupplement"
"Health And Personal Care";"OralIrrigator"
"Health And Personal Care";"OrthopedicBrace"
"Health And Personal Care";"OTCMedication"
"Health And Personal Care";"PersonalCareAppliances"
"Health And Personal Care";"PersonalPillDispenser"
"Health And Personal Care";"PrescriptionDrug"
"Health And Personal Care";"PrescriptionEyewear"
"Health And Personal Care";"ProteinSupplementPowder"
"Health And Personal Care";"RollingPaper"
"Health And Personal Care";"SafetyMaskReplacementFilter"
"Health And Personal Care";"SafetyMaskStrapExtender"
"Health And Personal Care";"SanitaryNapkin"
"Health And Personal Care";"SexualStimulationDevice"
"Health And Personal Care";"SexualWellness"
"Health And Personal Care";"ShoeInsert"
"Health And Personal Care";"SkinBlemishRemovalTool"
"Health And Personal Care";"SkinCleaningBrush"
"Health And Personal Care";"SleepMask"
"Health And Personal Care";"SmokingPipe"
"Health And Personal Care";"Sunglasses"
"Health And Personal Care";"Syringe"
"Health And Personal Care";"Tampon"
"Health And Personal Care";"TextileDeodorizer"
"Health And Personal Care";"TherapeuticThermalCompress"
"Health And Personal Care";"Toothbrush"
"Health And Personal Care";"ToothbrushHead"
"Health And Personal Care";"ToothCleaningAgent"
"Health And Personal Care";"ToothWhitener"
"Health And Personal Care";"Vitamin"
"Health And Personal Care";"Walker"
"Health And Personal Care";"Wheelchair"
"Health And Personal Care";"WoundDressing"
"Home & Garden";"AirFryer"
"Home & Garden";"AirMattress"
"Home & Garden";"AirPurifier"
"Home & Garden";"AnchorStake"
"Home & Garden";"AntiFatigueFloorMat"
"Home & Garden";"AromaDiffuser"
"Home & Garden";"Art"
"Home & Garden";"ArtificialPlant"
"Home & Garden";"ArtificialTree"
"Home & Garden";"Awning"
"Home & Garden";"Axe"
"Home & Garden";"Bakeware"
"Home & Garden";"BakewareSet"
"Home & Garden";"BakingCup"
"Home & Garden";"BakingMat"
"Home & Garden";"BakingPan"
"Home & Garden";"BakingPaper"
"Home & Garden";"BakingStone"
"Home & Garden";"BarToolSet"
"Home & Garden";"Bassinet"
"Home & Garden";"BathPillow"
"Home & Garden";"BathroomContainerSet"
"Home & Garden";"BathSafetySeating"
"Home & Garden";"BathtubShowerMat"
"Home & Garden";"BeanBagChair"
"Home & Garden";"Bed"
"Home & Garden";"BedAndBath"
"Home & Garden";"BedCurtain"
"Home & Garden";"BeddingSet"
"Home & Garden";"BedFrame"
"Home & Garden";"BedLinen"
"Home & Garden";"BedLinenSet"
"Home & Garden";"BedRail"
"Home & Garden";"BedSkirt"
"Home & Garden";"BedSlats"
"Home & Garden";"Bench"
"Home & Garden";"BeverageInsulator"
"Home & Garden";"BladedFoodPeeler"
"Home & Garden";"BlowerInflatedDecoration"
"Home & Garden";"BodyPositioner"
"Home & Garden";"Bookend"
"Home & Garden";"BottleOpener"
"Home & Garden";"BottleRack"
"Home & Garden";"BottleStopper"
"Home & Garden";"BreadMakingMachine"
"Home & Garden";"Broom"
"Home & Garden";"Bucket"
"Home & Garden";"BungeeCord"
"Home & Garden";"ButterDish"
"Home & Garden";"Cabinet"
"Home & Garden";"CandleHolder"
"Home & Garden";"CanOpener"
"Home & Garden";"CarpetUpholsteryCleaningMachine"
"Home & Garden";"Casseroles"
"Home & Garden";"Chair"
"Home & Garden";"ChairMat"
"Home & Garden";"Chopstick"
"Home & Garden";"Cistern"
"Home & Garden";"CleaningBrush"
"Home & Garden";"ClimbingPlantSupportStructure"
"Home & Garden";"Clock"
"Home & Garden";"ClothesHanger"
"Home & Garden";"ClothesPin"
"Home & Garden";"ClothNapkin"
"Home & Garden";"CocktailShaker"
"Home & Garden";"CoffeeFilter"
"Home & Garden";"CoffeeMaker"
"Home & Garden";"CompostBin"
"Home & Garden";"CookieCutter"
"Home & Garden";"CookingContainer"
"Home & Garden";"CookingPot"
"Home & Garden";"Cookware"
"Home & Garden";"CookwareSet"
"Home & Garden";"CordRope"
"Home & Garden";"CorePitRemover"
"Home & Garden";"CountertopBurner"
"Home & Garden";"CountertopFoodSteamer"
"Home & Garden";"CountertopGriddleAppliance"
"Home & Garden";"CountertopOven"
"Home & Garden";"Crib"
"Home & Garden";"Curtain"
"Home & Garden";"CurtainFastener"
"Home & Garden";"CurtainSwagHolder"
"Home & Garden";"Cutlery"
"Home & Garden";"CuttingBoard"
"Home & Garden";"DecorativeCutout"
"Home & Garden";"DecorativeMagnet"
"Home & Garden";"DecorativePillowCover"
"Home & Garden";"DeepFryer"
"Home & Garden";"Dehumidifier"
"Home & Garden";"Desk"
"Home & Garden";"Dinnerware"
"Home & Garden";"DishDryingMat"
"Home & Garden";"DishwareBowl"
"Home & Garden";"DishwarePlaceSetting"
"Home & Garden";"DishwarePlate"
"Home & Garden";"DisplayEnclosure"
"Home & Garden";"DisposableIncontinenceSurfaceProtector"
"Home & Garden";"DraftStopper"
"Home & Garden";"DrainStrainer"
"Home & Garden";"Dresser"
"Home & Garden";"DriedPlant"
"Home & Garden";"DrinkCoaster"
"Home & Garden";"DrinkingCup"
"Home & Garden";"DrinkingStraw"
"Home & Garden";"DryingRack"
"Home & Garden";"DustRemovalTool"
"Home & Garden";"DutchOvens"
"Home & Garden";"DuvetCover"
"Home & Garden";"ElectricFan"
"Home & Garden";"ElectricFoodMillGrinder"
"Home & Garden";"ElectricWaterBoiler"
"Home & Garden";"Fabric"
"Home & Garden";"FacialTissueHolder"
"Home & Garden";"Figurine"
"Home & Garden";"FirePit"
"Home & Garden";"Fireplace"
"Home & Garden";"FireScreen"
"Home & Garden";"FittedSheet"
"Home & Garden";"FlameWick"
"Home & Garden";"FlatSheet"
"Home & Garden";"Flatware"
"Home & Garden";"FloorCover"
"Home & Garden";"FoodBlender"
"Home & Garden";"FoodDehydrator"
"Home & Garden";"FoodGrater"
"Home & Garden";"FoodMasher"
"Home & Garden";"FoodMillGrinder"
"Home & Garden";"FoodMixer"
"Home & Garden";"FoodOrBeverageWarmer"
"Home & Garden";"FoodPreparationMold"
"Home & Garden";"FoodProcessor"
"Home & Garden";"FoodScoop"
"Home & Garden";"FoodShaker"
"Home & Garden";"FoodSlicer"
"Home & Garden";"FoodSmoker"
"Home & Garden";"FoodSpatula"
"Home & Garden";"FoodStrainer"
"Home & Garden";"FoodWrap"
"Home & Garden";"Fork"
"Home & Garden";"Fountain"
"Home & Garden";"FreestandingShelter"
"Home & Garden";"FreshCutFlowersPlants"
"Home & Garden";"FurnitureAndDecor"
"Home & Garden";"FurnitureCart"
"Home & Garden";"FurnitureCover"
"Home & Garden";"FurnitureEdgeBumper"
"Home & Garden";"FurnitureFloorProtector"
"Home & Garden";"FurnitureLiner"
"Home & Garden";"FurnitureSlider"
"Home & Garden";"GardenEdging"
"Home & Garden";"Garland"
"Home & Garden";"GarlicPress"
"Home & Garden";"GarmentSteamer"
"Home & Garden";"GravityBeverageDispenser"
"Home & Garden";"GriddlePlate"
"Home & Garden";"GrillSmokerCover"
"Home & Garden";"Hammock"
"Home & Garden";"HangingOrnament"
"Home & Garden";"Headboard"
"Home & Garden";"HeatingStove"
"Home & Garden";"HipFlask"
"Home & Garden";"Home"
"Home & Garden";"HomeMirror"
"Home & Garden";"HotTub"
"Home & Garden";"Humidifier"
"Home & Garden";"HvacControlThermostat"
"Home & Garden";"IceCreamMaker"
"Home & Garden";"IceCubeTray"
"Home & Garden";"Incense"
"Home & Garden";"IncenseHolder"
"Home & Garden";"IndoorGrowEnclosure"
"Home & Garden";"IroningBoard"
"Home & Garden";"IrrigationSprinkler"
"Home & Garden";"ItemStand"
"Home & Garden";"Juicer"
"Home & Garden";"Kitchen"
"Home & Garden";"KitchenKnife"
"Home & Garden";"KitchenTools"
"Home & Garden";"Knife"
"Home & Garden";"KnifeBlock"
"Home & Garden";"KnifeBlockSet"
"Home & Garden";"KnifeSharpener"
"Home & Garden";"Ladder"
"Home & Garden";"LapDesk"
"Home & Garden";"LawnMower"
"Home & Garden";"LeafBlower"
"Home & Garden";"LintRemover"
"Home & Garden";"Magnifier"
"Home & Garden";"Mailbox"
"Home & Garden";"MakeupVanity"
"Home & Garden";"MannequinClothingForm"
"Home & Garden";"ManualFoodMillGrinder"
"Home & Garden";"MaterialHandlingTruck"
"Home & Garden";"Mattress"
"Home & Garden";"MattressCover"
"Home & Garden";"MealHolder"
"Home & Garden";"MeasuringCup"
"Home & Garden";"MechanicalLighter"
"Home & Garden";"MetalDetector"
"Home & Garden";"MilkFrother"
"Home & Garden";"MoneyBank"
"Home & Garden";"Mop"
"Home & Garden";"MopBucketSet"
"Home & Garden";"NapkinHolder"
"Home & Garden";"NapkinRing"
"Home & Garden";"NettingCover"
"Home & Garden";"Ottoman"
"Home & Garden";"Outbuilding"
"Home & Garden";"OutdoorLiving"
"Home & Garden";"Paint"
"Home & Garden";"PaintBrush"
"Home & Garden";"PaperTowelHolder"
"Home & Garden";"PastaMaker"
"Home & Garden";"PastryBastingBrush"
"Home & Garden";"PestControlDevice"
"Home & Garden";"PetDoor"
"Home & Garden";"PicnicHolder"
"Home & Garden";"Pillow"
"Home & Garden";"Pillowcase"
"Home & Garden";"PillowProtector"
"Home & Garden";"PipingTip"
"Home & Garden";"Pitcher"
"Home & Garden";"Placemat"
"Home & Garden";"Planter"
"Home & Garden";"PlantSeed"
"Home & Garden";"PlaySlide"
"Home & Garden";"PlugStopper"
"Home & Garden";"PoolCover"
"Home & Garden";"PoolSpaWaterTreatment"
"Home & Garden";"PoolVacuum"
"Home & Garden";"PopcornPopper"
"Home & Garden";"PortableStove"
"Home & Garden";"PotableWaterFilter"
"Home & Garden";"PotHolder"
"Home & Garden";"PotpourriSachet"
"Home & Garden";"PresserFoot"
"Home & Garden";"PressureCooker"
"Home & Garden";"PressureWasher"
"Home & Garden";"PumpDispenser"
"Home & Garden";"PumpSprayer"
"Home & Garden";"Ramp"
"Home & Garden";"ReciprocatingHedgeTrimmer"
"Home & Garden";"ReusableIncontinenceSurfaceProtector"
"Home & Garden";"RiceCookers"
"Home & Garden";"RoastingPan"
"Home & Garden";"RoboticVacuumCleaner"
"Home & Garden";"RollingPin"
"Home & Garden";"RoomDivider"
"Home & Garden";"RotatingTray"
"Home & Garden";"RubberStamp"
"Home & Garden";"Rug"
"Home & Garden";"RugPad"
"Home & Garden";"SauteFryPan"
"Home & Garden";"Sculpture"
"Home & Garden";"SeasoningMill"
"Home & Garden";"SeedsAndPlants"
"Home & Garden";"Serveware"
"Home & Garden";"SewingMachine"
"Home & Garden";"ShadeSail"
"Home & Garden";"SharpPin"
"Home & Garden";"SheetPan"
"Home & Garden";"Shelf"
"Home & Garden";"ShovelSpade"
"Home & Garden";"Skewer"
"Home & Garden";"SlowCooker"
"Home & Garden";"SmallHomeAppliances"
"Home & Garden";"SnowBlower"
"Home & Garden";"SnowGlobe"
"Home & Garden";"SoapDish"
"Home & Garden";"SodaMaker"
"Home & Garden";"Sofa"
"Home & Garden";"Soil"
"Home & Garden";"SoilTillerCultivator"
"Home & Garden";"SolidFireFuel"
"Home & Garden";"SousVideMachine"
"Home & Garden";"SpaceHeater"
"Home & Garden";"SplashPool"
"Home & Garden";"Spoon"
"Home & Garden";"SpoonRest"
"Home & Garden";"Squeegee"
"Home & Garden";"SteamCleaner"
"Home & Garden";"StepStool"
"Home & Garden";"StickerDecal"
"Home & Garden";"StoolSeating"
"Home & Garden";"StovetopKettle"
"Home & Garden";"StringTrimmer"
"Home & Garden";"SurfaceCleaningWipe"
"Home & Garden";"SurfaceProtectionWax"
"Home & Garden";"SwimmingPool"
"Home & Garden";"Swing"
"Home & Garden";"Table"
"Home & Garden";"Tablecloth"
"Home & Garden";"TableRunner"
"Home & Garden";"Tarp"
"Home & Garden";"TaskTray"
"Home & Garden";"TeaInfuser"
"Home & Garden";"Teapot"
"Home & Garden";"TemporaryGate"
"Home & Garden";"TextileIron"
"Home & Garden";"Thermos"
"Home & Garden";"ThreadCord"
"Home & Garden";"Timer"
"Home & Garden";"Toaster"
"Home & Garden";"ToiletPaperHolder"
"Home & Garden";"TongUtensil"
"Home & Garden";"ToothbrushHolder"
"Home & Garden";"Towel"
"Home & Garden";"TowelHolder"
"Home & Garden";"Tray"
"Home & Garden";"TreeSkirt"
"Home & Garden";"TreeTopper"
"Home & Garden";"Trivet"
"Home & Garden";"Urn"
"Home & Garden";"UtilityCartWagon"
"Home & Garden";"UtilitySponge"
"Home & Garden";"VacuumCleaner"
"Home & Garden";"VacuumSealerMachine"
"Home & Garden";"Vase"
"Home & Garden";"WaterDispenser"
"Home & Garden";"WateringCan"
"Home & Garden";"WaterPurificationUnit"
"Home & Garden";"WheelCutter"
"Home & Garden";"WhiskUtensil"
"Home & Garden";"WildlifeFeeder"
"Home & Garden";"WindChime"
"Home & Garden";"WindowFilm"
"Home & Garden";"WindowShade"
"Home & Garden";"WindSpinner"
"Home & Garden";"Workbench"
"Home & Garden";"Wreath"
"Home Improvement";"AirCompressor"
"Home Improvement";"AirCooler"
"Home Improvement";"AreaDeodorizer"
"Home Improvement";"Ashtray"
"Home Improvement";"BarbecueGrill"
"Home Improvement";"BarbecueToolSet"
"Home Improvement";"Basket"
"Home Improvement";"Bathtub"
"Home Improvement";"BathtubShowerTrimKit"
"Home Improvement";"Blowtorch"
"Home Improvement";"Bottle"
"Home Improvement";"BuildingMaterials"
"Home Improvement";"CableTie"
"Home Improvement";"Carpeting"
"Home Improvement";"Chainsaw"
"Home Improvement";"ChainsawChain"
"Home Improvement";"Chisel"
"Home Improvement";"CleaningAgent"
"Home Improvement";"ClothesRack"
"Home Improvement";"ContainerLid"
"Home Improvement";"CosmeticBrush"
"Home Improvement";"CrimpingPliers"
"Home Improvement";"DiscGrinderTool"
"Home Improvement";"DishwasherDetergent"
"Home Improvement";"DisplayAlbum"
"Home Improvement";"Door"
"Home Improvement";"DoorCloser"
"Home Improvement";"Doorstop"
"Home Improvement";"DrawerSlide"
"Home Improvement";"Drill"
"Home Improvement";"Dryer"
"Home Improvement";"Electrical"
"Home Improvement";"ElectricityGenerator"
"Home Improvement";"FastenerDriveBit"
"Home Improvement";"Faucet"
"Home Improvement";"FaucetWaterAerator"
"Home Improvement";"FencePanel"
"Home Improvement";"FoodStorageBag"
"Home Improvement";"FoodStorageContainer"
"Home Improvement";"Freezer"
"Home Improvement";"GardenShearScissors"
"Home Improvement";"GardenToolSet"
"Home Improvement";"GarmentProtectorCover"
"Home Improvement";"GasSmokeFireAlarm"
"Home Improvement";"Greenhouse"
"Home Improvement";"HammerMallet"
"Home Improvement";"Handrail"
"Home Improvement";"HangingRod"
"Home Improvement";"Hardware"
"Home Improvement";"HardwareClampVise"
"Home Improvement";"HardwareHandle"
"Home Improvement";"HardwareHinge"
"Home Improvement";"HardwarePlaner"
"Home Improvement";"HardwareTubing"
"Home Improvement";"HosePipeFitting"
"Home Improvement";"HotGlueGun"
"Home Improvement";"HouseholdStain"
"Home Improvement";"HouseholdVarnish"
"Home Improvement";"Insulation"
"Home Improvement";"ItemContainer"
"Home Improvement";"Jar"
"Home Improvement";"JewelryStorage"
"Home Improvement";"Lampshade"
"Home Improvement";"LaundryDetergent"
"Home Improvement";"LaundryHamper"
"Home Improvement";"Level"
"Home Improvement";"LightedOutdoorDisplay"
"Home Improvement";"Lock"
"Home Improvement";"MajorHomeAppliances"
"Home Improvement";"MountBracket"
"Home Improvement";"MountedStorageSystemKit"
"Home Improvement";"Multitool"
"Home Improvement";"OrganizersAndStorage"
"Home Improvement";"PackingMaterial"
"Home Improvement";"PalettePuttyKnife"
"Home Improvement";"PictureHanger"
"Home Improvement";"Pliers"
"Home Improvement";"PlumbingFixtures"
"Home Improvement";"PolishingBuffingTool"
"Home Improvement";"PortableFreestandingShelter"
"Home Improvement";"PortableToolBox"
"Home Improvement";"PowerToolSet"
"Home Improvement";"Rake"
"Home Improvement";"Refrigerator"
"Home Improvement";"RotaryTool"
"Home Improvement";"RouterPowerTool"
"Home Improvement";"Safe"
"Home Improvement";"Sander"
"Home Improvement";"Saw"
"Home Improvement";"Scissors"
"Home Improvement";"Screwdriver"
"Home Improvement";"ScrewGun"
"Home Improvement";"SecurityCamera"
"Home Improvement";"SecurityElectronics"
"Home Improvement";"ShippingBox"
"Home Improvement";"ShowerEnclosure"
"Home Improvement";"Showerhead"
"Home Improvement";"Sink"
"Home Improvement";"SnackFoodBar"
"Home Improvement";"SolarPanel"
"Home Improvement";"SolderingIron"
"Home Improvement";"SolderingStation"
"Home Improvement";"SprayBottle"
"Home Improvement";"StorageBag"
"Home Improvement";"StorageBox"
"Home Improvement";"StorageCover"
"Home Improvement";"StorageDrawer"
"Home Improvement";"StorageHook"
"Home Improvement";"StorageRack"
"Home Improvement";"SurveillanceRecorderSystem"
"Home Improvement";"TemporaryHangerHook"
"Home Improvement";"Tile"
"Home Improvement";"Toilet"
"Home Improvement";"ToiletSeat"
"Home Improvement";"ToolBelt"
"Home Improvement";"ToolChuck"
"Home Improvement";"Tools"
"Home Improvement";"Tweezer"
"Home Improvement";"UtilityKnife"
"Home Improvement";"Valve"
"Home Improvement";"Wallpaper"
"Home Improvement";"WallPlate"
"Home Improvement";"Washer"
"Home Improvement";"WasherDryerCombination"
"Home Improvement";"WasteBag"
"Home Improvement";"WaterHeater"
"Home Improvement";"WaterPump"
"Home Improvement";"WeatherStripping"
"Home Improvement";"WindingReel"
"Home Improvement";"WireStripper"
"Home Improvement";"Wrench"
"Jewelry and Watches";"ApparelPin"
"Jewelry and Watches";"Bracelet"
"Jewelry and Watches";"Charm"
"Jewelry and Watches";"CuffLink"
"Jewelry and Watches";"Earring"
"Jewelry and Watches";"FashionEarring"
"Jewelry and Watches";"FashionNecklaceBraceletAnklet"
"Jewelry and Watches";"FashionOther"
"Jewelry and Watches";"FashionRing"
"Jewelry and Watches";"FineEarring"
"Jewelry and Watches";"FineNecklaceBraceletAnklet"
"Jewelry and Watches";"FineOther"
"Jewelry and Watches";"FineRing"
"Jewelry and Watches";"JewelrySet"
"Jewelry and Watches";"LooseCutGem"
"Jewelry and Watches";"Necklace"
"Jewelry and Watches";"PiercingJewelry"
"Jewelry and Watches";"Ring"
"Jewelry and Watches";"Watch"
"Jewelry and Watches";"WatchBand"
"Lighting";"Candle"
"Lighting";"ElectricLantern"
"Lighting";"ElectricLight"
"Lighting";"Flashlight"
"Lighting";"FuelLamp"
"Lighting";"Lamp"
"Lighting";"LightBulb"
"Lighting";"LightBulbs"
"Lighting";"LightFixture"
"Lighting";"LightingAccessories"
"Lighting";"LightsAndFixtures"
"Lighting";"StringLight"
"Industrial and Scientific-Other";"AbrasiveBrush"
"Industrial and Scientific-Other";"Abrasives"
"Industrial and Scientific-Other";"AbrasiveSheets"
"Industrial and Scientific-Other";"AbrasiveWheels"
"Industrial and Scientific-Other";"AdhesivesAndSealants"
"Industrial and Scientific-Other";"AdhesiveTapes"
"Industrial and Scientific-Other";"CableAssembly"
"Industrial and Scientific-Other";"Capacitor"
"Industrial and Scientific-Other";"Caulks"
"Industrial and Scientific-Other";"CircuitBreaker"
"Industrial and Scientific-Other";"Controller"
"Industrial and Scientific-Other";"CuttingTools"
"Industrial and Scientific-Other";"DieCutMachine"
"Industrial and Scientific-Other";"DimensionalMeasurementCaliper"
"Industrial and Scientific-Other";"DrainOpenerSubstance"
"Industrial and Scientific-Other";"DrillBits"
"Industrial and Scientific-Other";"DripIrrigationKit"
"Industrial and Scientific-Other";"ElectricalDistributionBoard"
"Industrial and Scientific-Other";"ElectricalHousing"
"Industrial and Scientific-Other";"ElectricalOutlet"
"Industrial and Scientific-Other";"ElectricalPlug"
"Industrial and Scientific-Other";"ElectricCircuitTestingDevice"
"Industrial and Scientific-Other";"ElectricMotor"
"Industrial and Scientific-Other";"ElectromechanicalGauge"
"Industrial and Scientific-Other";"ElectronicCable"
"Industrial and Scientific-Other";"ElectronicComponentAmplifier"
"Industrial and Scientific-Other";"ElectronicComponentFan"
"Industrial and Scientific-Other";"ElectronicComponents"
"Industrial and Scientific-Other";"ElectronicComponentTerminal"
"Industrial and Scientific-Other";"ElectronicSensor"
"Industrial and Scientific-Other";"ElectronicSignalConverter"
"Industrial and Scientific-Other";"ElectronicSwitch"
"Industrial and Scientific-Other";"ElectronicWire"
"Industrial and Scientific-Other";"EndMills"
"Industrial and Scientific-Other";"FabricSoftener"
"Industrial and Scientific-Other";"Fertilizer"
"Industrial and Scientific-Other";"Fuse"
"Industrial and Scientific-Other";"Gaskets"
"Industrial and Scientific-Other";"Gears"
"Industrial and Scientific-Other";"Grommets"
"Industrial and Scientific-Other";"HardwareBearing"
"Industrial and Scientific-Other";"HardwareStaple"
"Industrial and Scientific-Other";"HeatSink"
"Industrial and Scientific-Other";"HolePunch"
"Industrial and Scientific-Other";"HumidityMeter"
"Industrial and Scientific-Other";"IndustrialCasters"
"Industrial and Scientific-Other";"IndustrialHose"
"Industrial and Scientific-Other";"IndustrialWheels"
"Industrial and Scientific-Other";"IrrigationEquipment"
"Industrial and Scientific-Other";"LightBulbSocket"
"Industrial and Scientific-Other";"MachineLubricant"
"Industrial and Scientific-Other";"MechanicalBelt"
"Industrial and Scientific-Other";"MechanicalComponents"
"Industrial and Scientific-Other";"MotorStarter"
"Industrial and Scientific-Other";"ORings"
"Industrial and Scientific-Other";"Pesticide"
"Industrial and Scientific-Other";"PrecisionMeasuring"
"Industrial and Scientific-Other";"Relay"
"Industrial and Scientific-Other";"RouterBit"
"Industrial and Scientific-Other";"Ruler"
"Industrial and Scientific-Other";"SawBlade"
"Industrial and Scientific-Other";"Sealant"
"Industrial and Scientific-Other";"Seals"
"Industrial and Scientific-Other";"Stethoscope"
"Industrial and Scientific-Other";"StoreFixturesAndEquipment"
"Industrial and Scientific-Other";"SuspensionLiftSupport"
"Industrial and Scientific-Other";"TapeMeasure"
"Industrial and Scientific-Other";"TerminalBlock"
"Industrial and Scientific-Other";"Thermometer"
"Industrial and Scientific-Other";"Transformer"
"Industrial and Scientific-Other";"WeatherStation"
"Industrial and Scientific-Other";"WeedMossControlAgent"
"Industrial and Scientific-Other";"WeighScale"
"Office Products";"ArtCraftKit"
"Office Products";"ArtEasel"
"Office Products";"ArtMediaPaper"
"Office Products";"ArtSupplies"
"Office Products";"BadgeHolder"
"Office Products";"BarCode"
"Office Products";"BinderDivider"
"Office Products";"BookCover"
"Office Products";"BookDocumentStand"
"Office Products";"Bookmark"
"Office Products";"Calculator"
"Office Products";"CannedAir"
"Office Products";"CardDocumentSleeve"
"Office Products";"CardStock"
"Office Products";"Clipboard"
"Office Products";"CraftBead"
"Office Products";"CraftHoopFrame"
"Office Products";"CraftMold"
"Office Products";"CraftWood"
"Office Products";"CraftWrappingTissuePaper"
"Office Products";"CrochetHook"
"Office Products";"DecorativePomPom"
"Office Products";"DecorativeRibbonTrim"
"Office Products";"DeskPad"
"Office Products";"DisposableNapkin"
"Office Products";"Dye"
"Office Products";"EducationalSupplies"
"Office Products";"Envelope"
"Office Products";"Eraser"
"Office Products";"FabricAppliquePatch"
"Office Products";"FacialTissue"
"Office Products";"FileFolder"
"Office Products";"Glitter"
"Office Products";"HandSewingNeedle"
"Office Products";"HeatPress"
"Office Products";"HookLoopFastener"
"Office Products";"InkjetPrinterInk"
"Office Products";"InkToner"
"Office Products";"IronOnTransferDesign"
"Office Products";"JewelryFinding"
"Office Products";"KnittingNeedle"
"Office Products";"Label"
"Office Products";"Laminator"
"Office Products";"LightBox"
"Office Products";"LiquidInk"
"Office Products";"MarkingPen"
"Office Products";"MultifunctionDevice"
"Office Products";"OfficeElectronics"
"Office Products";"OfficePhone"
"Office Products";"OfficePrinter"
"Office Products";"OfficeProducts"
"Office Products";"OfficeScanner"
"Office Products";"PaperClipClamp"
"Office Products";"PaperProducts"
"Office Products";"PaperShredder"
"Office Products";"PaperTowel"
"Office Products";"PencilSharpener"
"Office Products";"PenMarkerInkCartridgeRefill"
"Office Products";"Pinboard"
"Office Products";"PrintCopyPaper"
"Office Products";"PrinterConsumable"
"Office Products";"ReinforcedArtSurface"
"Office Products";"SculptingMaterial"
"Office Products";"SelfStickNote"
"Office Products";"SewingButton"
"Office Products";"SewingMachineNeedle"
"Office Products";"SewingPattern"
"Office Products";"SewingToolSet"
"Office Products";"SheetPaper"
"Office Products";"SnapFastener"
"Office Products";"Stapler"
"Office Products";"StorageBinder"
"Office Products";"TapeLabelDispenser"
"Office Products";"TemplateStencil"
"Office Products";"ThermoplasticFilament"
"Office Products";"ToiletPaper"
"Office Products";"VoiceRecorder"
"Office Products";"WristRest"
"Office Products";"WritingBoard"
"Office Products";"WritingInstruments"
"Office Products";"WritingPaper"
"Office Products";"Yarn"
"Office Products";"ZipperFastener"
"Shoes, Handbags and Eyewear";"Accessory"
"Shoes, Handbags and Eyewear";"Bag"
"Shoes, Handbags and Eyewear";"Boot"
"Shoes, Handbags and Eyewear";"Eyewear"
"Shoes, Handbags and Eyewear";"FootwearCareKit"
"Shoes, Handbags and Eyewear";"Handbag"
"Shoes, Handbags and Eyewear";"Sandal"
"Shoes, Handbags and Eyewear";"ShoeAccessory"
"Shoes, Handbags and Eyewear";"Shoes"
"Shoes, Handbags and Eyewear";"ShoeTree"
"Shoes, Handbags and Eyewear";"Slipper"
"Shoes, Handbags and Eyewear";"TechnicalSportShoe"
"Pet Supplies";"AnimalCage"
"Pet Supplies";"AnimalCarrier"
"Pet Supplies";"AnimalCollar"
"Pet Supplies";"AnimalFurCleanerConditioner"
"Pet Supplies";"AnimalHarness"
"Pet Supplies";"AnimalIncontinenceProtector"
"Pet Supplies";"AnimalLitter"
"Pet Supplies";"AnimalMuzzle"
"Pet Supplies";"AnimalNutritionalSupplement"
"Pet Supplies";"AnimalPerch"
"Pet Supplies";"AnimalRecoveryCollarCone"
"Pet Supplies";"AnimalShelter"
"Pet Supplies";"AnimalStair"
"Pet Supplies";"AnimalVitamin"
"Pet Supplies";"AnimalWaterDispenser"
"Pet Supplies";"AquariumPondWaterTreatment"
"Pet Supplies";"Leash"
"Pet Supplies";"LitterBox"
"Pet Supplies";"PawHoofProtector"
"Pet Supplies";"PetActivityStructure"
"Pet Supplies";"PetApparel"
"Pet Supplies";"PetBedMat"
"Pet Supplies";"PetFeeder"
"Pet Supplies";"PetFood"
"Pet Supplies";"PetPestControl"
"Pet Supplies";"PetPlacemat"
"Pet Supplies";"PetPlaypen"
"Pet Supplies";"PetSeat"
"Pet Supplies";"PetSuppliesMisc"
"Pet Supplies";"PetToy"
"Pet Supplies";"Vivarium"
"Sports And Outdoors";"AbdominalExerciser"
"Sports And Outdoors";"AimingScopeSight"
"Sports And Outdoors";"AirGun"
"Sports And Outdoors";"AirGunProjectile"
"Sports And Outdoors";"AirPump"
"Sports And Outdoors";"AppendageWarmer"
"Sports And Outdoors";"AutomotiveHelmet"
"Sports And Outdoors";"BalanceBoard"
"Sports And Outdoors";"Barbell"
"Sports And Outdoors";"BasketballHoop"
"Sports And Outdoors";"Bicycle"
"Sports And Outdoors";"BicycleBrakePad"
"Sports And Outdoors";"BicycleCargoRack"
"Sports And Outdoors";"BicycleDerailleur"
"Sports And Outdoors";"BicycleSeat"
"Sports And Outdoors";"BicycleSeatpost"
"Sports And Outdoors";"BicycleTrainer"
"Sports And Outdoors";"BiometricMonitor"
"Sports And Outdoors";"BoxingGlove"
"Sports And Outdoors";"CalisthenicsStand"
"Sports And Outdoors";"Carabiner"
"Sports And Outdoors";"CyclingComputer"
"Sports And Outdoors";"CyclingTire"
"Sports And Outdoors";"Dartboard"
"Sports And Outdoors";"DiveMask"
"Sports And Outdoors";"Dumbbell"
"Sports And Outdoors";"ElectroshockWeapon"
"Sports And Outdoors";"EllipticalTrainer"
"Sports And Outdoors";"ExerciseBand"
"Sports And Outdoors";"ExerciseBlock"
"Sports And Outdoors";"ExerciseMachine"
"Sports And Outdoors";"ExerciseMat"
"Sports And Outdoors";"ExerciseStepPlatform"
"Sports And Outdoors";"ExerciseStrap"
"Sports And Outdoors";"FishingHook"
"Sports And Outdoors";"FishingLine"
"Sports And Outdoors";"FishingReel"
"Sports And Outdoors";"FishingRodHolder"
"Sports And Outdoors";"FishingWeight"
"Sports And Outdoors";"FitnessBench"
"Sports And Outdoors";"FitnessHoop"
"Sports And Outdoors";"FitnessStepper"
"Sports And Outdoors";"GolfClub"
"Sports And Outdoors";"GolfClubBag"
"Sports And Outdoors";"GolfClubCover"
"Sports And Outdoors";"GolfClubHybrid"
"Sports And Outdoors";"GolfClubIron"
"Sports And Outdoors";"GolfClubPutter"
"Sports And Outdoors";"GolfClubs"
"Sports And Outdoors";"GolfClubWedge"
"Sports And Outdoors";"GolfClubWood"
"Sports And Outdoors";"GolfPracticeMat"
"Sports And Outdoors";"GunCleaningKit"
"Sports And Outdoors";"GunGrip"
"Sports And Outdoors";"GunHolster"
"Sports And Outdoors";"GunSling"
"Sports And Outdoors";"GunSupport"
"Sports And Outdoors";"HandStrengthener"
"Sports And Outdoors";"Helmet"
"Sports And Outdoors";"HydrationPack"
"Sports And Outdoors";"IceChest"
"Sports And Outdoors";"ImpactProtectionGear"
"Sports And Outdoors";"JumpRope"
"Sports And Outdoors";"Kayak"
"Sports And Outdoors";"Kettlebell"
"Sports And Outdoors";"KickScooter"
"Sports And Outdoors";"Kite"
"Sports And Outdoors";"MessKit"
"Sports And Outdoors";"NavigationCompass"
"Sports And Outdoors";"Paddleboard"
"Sports And Outdoors";"PersonalFlotationDevice"
"Sports And Outdoors";"ProjectileBow"
"Sports And Outdoors";"PullUpBar"
"Sports And Outdoors";"PunchingBag"
"Sports And Outdoors";"Rangefinder"
"Sports And Outdoors";"RecreationBall"
"Sports And Outdoors";"RollerSkate"
"Sports And Outdoors";"RowingMachine"
"Sports And Outdoors";"SelfBalancingElectricVehicle"
"Sports And Outdoors";"SelfDefenseSpray"
"Sports And Outdoors";"ShinGuard"
"Sports And Outdoors";"Skateboard"
"Sports And Outdoors";"Sled"
"Sports And Outdoors";"SleepingBag"
"Sports And Outdoors";"SleepingMat"
"Sports And Outdoors";"SnorkelingSet"
"Sports And Outdoors";"SnowboardBoot"
"Sports And Outdoors";"Snowshoe"
"Sports And Outdoors";"SonarFathometer"
"Sports And Outdoors";"SportActivityGlove"
"Sports And Outdoors";"SportBat"
"Sports And Outdoors";"SportBinding"
"Sports And Outdoors";"SportBoardSki"
"Sports And Outdoors";"SportFaceMask"
"Sports And Outdoors";"SportGloves"
"Sports And Outdoors";"SportGoal"
"Sports And Outdoors";"SportHelmet"
"Sports And Outdoors";"SportingGoods"
"Sports And Outdoors";"SportMitt"
"Sports And Outdoors";"SportNet"
"Sports And Outdoors";"SportRacket"
"Sports And Outdoors";"SportTableGame"
"Sports And Outdoors";"SportTarget"
"Sports And Outdoors";"SportWetsuit"
"Sports And Outdoors";"StationaryBicycle"
"Sports And Outdoors";"StrengthTrainingMachine"
"Sports And Outdoors";"Sweatband"
"Sports And Outdoors";"SwimCap"
"Sports And Outdoors";"SwimFin"
"Sports And Outdoors";"Sword"
"Sports And Outdoors";"TargetTossingGame"
"Sports And Outdoors";"Tent"
"Sports And Outdoors";"TowSportsLine"
"Sports And Outdoors";"TractionCleat"
"Sports And Outdoors";"Trampoline"
"Sports And Outdoors";"Treadmill"
"Sports And Outdoors";"UtilityHolsterPouch"
"Sports And Outdoors";"WalkingStick"
"Sports And Outdoors";"WaterFlotationDevice"
"Sports And Outdoors";"WearableWeight"
"Sports And Outdoors";"WeightliftingBelt"
"Sports And Outdoors";"WeightPlate"
"Sports And Outdoors";"WeightRack"
"Toys and Games";"Balloon"
"Toys and Games";"BathToy"
"Toys and Games";"BoardGame"
"Toys and Games";"BubbleMaker"
"Toys and Games";"CakeTopper"
"Toys and Games";"ChildrensCostume"
"Toys and Games";"CollapsiblePlayStructure"
"Toys and Games";"CollectibleCard"
"Toys and Games";"Confetti"
"Toys and Games";"Costume"
"Toys and Games";"CostumeEyewear"
"Toys and Games";"CostumeHeadwear"
"Toys and Games";"CostumeMask"
"Toys and Games";"CostumeOutfit"
"Toys and Games";"DollClothing"
"Toys and Games";"ElectronicLearningToy"
"Toys and Games";"FidgetToy"
"Toys and Games";"FidgetToySpinner"
"Toys and Games";"FlashCard"
"Toys and Games";"GameDice"
"Toys and Games";"Games"
"Toys and Games";"Globe"
"Toys and Games";"Hobbies"
"Toys and Games";"InflatableBouncer"
"Toys and Games";"MarbleTrack"
"Toys and Games";"MiniatureToyBuilding"
"Toys and Games";"MiniatureToyFurnishing"
"Toys and Games";"Models"
"Toys and Games";"MusicalInstrumentToy"
"Toys and Games";"NonRidingToyVehicle"
"Toys and Games";"PartyDecorationPack"
"Toys and Games";"PartyFavor"
"Toys and Games";"PartySupplies"
"Toys and Games";"Pinata"
"Toys and Games";"Playhouse"
"Toys and Games";"PlayWorkstation"
"Toys and Games";"PreloadedElectronicGame"
"Toys and Games";"PretendPlayToy"
"Toys and Games";"Puppet"
"Toys and Games";"PushPullToy"
"Toys and Games";"Puzzles"
"Toys and Games";"RideOnToy"
"Toys and Games";"Sandbox"
"Toys and Games";"ScienceFundamentalsKit"
"Toys and Games";"SpinningToyTop"
"Toys and Games";"SqueezeToy"
"Toys and Games";"TabletopGame"
"Toys and Games";"ToyBuildingBlock"
"Toys and Games";"ToyFigure"
"Toys and Games";"ToyFigurePlayset"
"Toys and Games";"ToyGun"
"Toys and Games";"ToyModelVehicleTrack"
"Toys and Games";"ToysAndGames"
"Toys and Games";"ToySlime"
"Toys and Games";"ToyStroller"
"Toys and Games";"ToyVehicleSet"
"Toys and Games";"WaterPlaySprinkler"
"Toys and Games";"YoYo"
